Station,Date,Time,Temp,pH,SpCond,TDS,Redox,DO_mgL,DO_Sat,Depth_m,Chlorophyll-a_ugL,Salinity_psu,Year
Arctic Inflow 3,4/15/2024,10:25,12.711,6.941,576.2,0.369,356,2.316,22.59,0.1686,7.679,0.28,24
Arctic Inflow 3,4/29/2024,10:28,10.13272727,7.022727273,509.5454545,0.326181818,428.4545455,4.270909091,39.9,0.486818182,15.11272727,0.25,24
Arctic Inflow 3,5/13/2024,9:57,17.21222222,6.752222222,755.7777778,0.483666667,272.1111111,1.211111111,13.13333333,0.399888889,15.97111111,0.37,24
Arctic Inflow 3,5/22/2024,10:20,16.222,6.951,392,0.251,284.5,2.676,28.5,0.4976,17.942,0.19,24
Arctic Inflow 3,6/10/2024,9:28,16.4375,6.449166667,838.0833333,0.536416667,308.25,0.204166667,2.141666667,0.406833333,5.841666667,0.415,24
Arctic Inflow 3,6/25/2024,10:42,24.49090909,7.193636364,499.1818182,0.319363636,344.7272727,1.271818182,15.90909091,0.229090909,8.733636364,0.24,24
Arctic Inflow 3,7/1/2024,10:20,19.45818182,6.945454545,622.2727273,0.398272727,227.6363636,0.98,10.99090909,0.307727273,,0.3,24
Arctic Inflow 3,7/17/2024,9:33,16.62181818,6.782727273,966.8181818,0.618636364,191.9090909,0.266363636,2.818181818,0.583454545,,0.480909091,24
Arctic Inflow 3,7/29/2024,9:39,18.274,6.826,976.7,0.625,150.6,0.114,1.25,0.6112,,0.489,24
Arctic Inflow 3,8/12/2024,9:50,15.874,7.023,642.5,0.4112,310.5,0.191,1.99,0.1659,,0.317,24
Arctic Inflow 3,8/22/2024,9:20,15.96133333,6.776,1037.133333,0.663666667,112.1333333,0.097333333,1.053333333,0.5614,,0.52,24
Arctic Inflow 3,9/11/2024,9:49,16.144,6.808,987.5,0.6321,141.5,0.267,2.83,0.402,,0.49,24
Arctic Inflow 3,9/23/2024,10:26,13.302,6.784,862.7,0.5522,150.1,0.098,0.96,0.3987,,0.43,24
Arctic Inflow 3,10/8/2024,10:07,9.894,6.684,1024.7,0.6557,295.5,0.324,2.97,0.0723,,0.514,24
Arctic Inflow 3,10/24/2024,10:20,9.711,6.427,1137.1,0.7277,145,0.08,0.71,0.3045,,0.573,24
Arctic Lake E Deep,4/15/2024,11:00,7.674,7.05,528.9,0.3384,267.5,0.101,0.88,9.6196,0,0.26,24
Arctic Lake E Deep,4/29/2024,11:05,8.883,7.122,562.1,0.3595,144.9,0.085,0.78,9.5525,0.483,0.279,24
Arctic Lake E Deep,5/13/2024,10:39,11.667,7.322,555.8,0.3556,27.7,0.072,0.7,9.5978,42.401,0.274,24
Arctic Lake E Deep,5/22/2024,10:59,11.504,7.245,544.9,0.3488,57.2,0.087,0.83,9.6098,5.225,0.269,24
Arctic Lake E Deep,6/10/2024,10:13,13.293,7.209,673.3,0.4308,24.1,0.058,0.58,9.2734,1.284,0.33,24
Arctic Lake E Deep,6/25/2024,12:09,17.384,7.134,573.2,0.3668,-42.4,0.024,0.26,8.741,20.633,0.279,24
Arctic Lake E Deep,7/1/2024,11:00,12.705,6.861,646.9,0.4142,121.1,0.042,0.4,9.3079,,0.32,24
Arctic Lake E Deep,7/17/2024,10:15,15.68,6.877,670,0.4288,100.7,0.046,0.49,8.8756,,0.33,24
Arctic Lake E Deep,7/29/2024,10:18,16.67636364,6.748181818,669.9090909,0.428727273,99.54545455,0.048181818,0.5,9.410454545,,0.33,24
Arctic Lake E Deep,8/12/2024,10:47,15.31857143,6.691428571,715.0714286,0.457642857,93.85714286,0.052857143,0.535714286,9.262357143,,0.353571429,24
Arctic Lake E Deep,8/22/2024,10:25,15.33230769,6.666153846,765.6923077,0.490076923,63.46153846,0.041538462,0.415384615,9.499307692,,0.38,24
Arctic Lake E Deep,9/11/2024,10:43,17.61833333,6.754166667,745.1666667,0.476833333,84.83333333,0.041666667,0.475,9.575666667,,0.37,24
Arctic Lake E Deep,9/23/2024,10:53,17.485,6.544,797.1,0.5103,84.5,0.044,0.48,9.4737,,0.394,24
Arctic Lake E Deep,10/8/2024,11:22,16.114,7.305,746.1,0.4773,62.6,0.283,2.99,8.849,,0.368,24
Arctic Lake E Deep,10/24/2024,10:47,12.90388889,7.14,525.5,0.336277778,150.6111111,0.502777778,4.944444444,9.512333333,,0.257222222,24
Arctic Lake E Surface,4/15/2024,10:57,13.033,7.804,520.7,0.333,297.1,13.535,132.94,1.0122,76.868,0.25,24
Arctic Lake E Surface,4/29/2024,11:00,11.202,8.003,522,0.334,404,9.108,86.96,1.0574,48.248,0.26,24
Arctic Lake E Surface,5/13/2024,10:37,18.574,7.707,538.6,0.3448,337.5,8.35,92.98,1.0042,9.101,0.26,24
Arctic Lake E Surface,5/22/2024,10:56,19.504,7.941,529.5,0.3389,340.5,7.832,89.3,0.8869,14.149,0.26,24
Arctic Lake E Surface,6/10/2024,10:11,21.702,8.144,515,0.3299,342.2,8.919,104.72,1.0892,9.843,0.25,24
Arctic Lake E Surface,6/25/2024,12:06,25.697,8.105,499,0.3194,300.5,11.066,141.55,0.759,15.795,0.24,24
Arctic Lake E Surface,7/1/2024,10:57,22.57133333,8.112,506.6666667,0.323866667,325.7333333,8.742666667,104.1333333,1.011333333,,0.249333333,24
Arctic Lake E Surface,7/17/2024,10:11,24.89933333,8.208666667,486,0.311,301.4666667,6.982666667,87.00666667,0.963533333,,0.235333333,24
Arctic Lake E Surface,7/29/2024,10:16,26.52454545,8.540909091,475,0.304,348.7272727,8.073636364,104.6636364,1.064818182,,0.23,24
Arctic Lake E Surface,8/12/2024,10:44,22.55928571,7.998571429,480.9285714,0.307928571,320,7.755,92.35714286,0.986285714,,0.23,24
Arctic Lake E Surface,8/22/2024,10:21,23.162,8.074,444.1,0.284,225.7,7.227,87.05,0.992,,0.21,24
Arctic Lake E Surface,9/11/2024,10:40,21.55,7.769333333,456,0.292,229.2,4.249333333,50.01333333,1.063133333,,0.22,24
Arctic Lake E Surface,9/23/2024,10:50,21.419,7.713,460,0.295,309.9,3.47,40.59,0.9705,,0.22,24
Arctic Lake E Surface,10/8/2024,11:18,16.586,7.885,469,0.3,360.8,8.378,88.83,0.487,,0.23,24
Arctic Lake E Surface,10/24/2024,10:45,13.599,8.184,464,0.297,292.5,10.451,104.11,1.0635,,0.23,24
Arctic Outflow,4/15/2024,11:41,12.975,7.781,533,0.341,276.4,9.783,95.96,0.2344,36.836,0.26,24
Arctic Outflow,4/29/2024,11:53,11.321,8.149,521,0.334,324.8,9.818,93.98,0.273,48.614,0.26,24
Arctic Outflow,5/13/2024,11:19,18.601,7.721,537,0.344,239.9,5.345,59.56,0.1631,12.839,0.26,24
Arctic Outflow,5/22/2024,11:34,19.721,7.932,534.1,0.342,290,7.659,87.7,0.1641,9.483,0.26,24
Arctic Outflow,6/10/2024,10:59,23.08454545,8.068181818,505.0909091,0.323363636,247.1818182,5.692727273,68.64545455,0.065,9.950909091,0.243636364,24
Arctic Outflow,6/25/2024,12:25,25.92285714,8.305,500,0.32,212.5714286,13.40428571,172.1214286,0.126428571,16.94142857,0.24,24
Arctic Outflow,7/1/2024,11:38,22.819,8.116,509,0.3256,262,8.685,103.99,0.0711,,0.25,24
Arctic Outflow,7/17/2024,10:48,22.63571429,7.693571429,496.5714286,0.318,184,1.254285714,14.97857143,0.319,,0.24,24
Arctic Outflow,7/29/2024,10:52,25.88272727,7.52,467.8181818,0.299454545,172.2727273,0.577272727,7.418181818,0.404272727,,0.23,24
Arctic Outflow,8/12/2024,11:05,22.235,7.497,495.5,0.317,226.8,0.5,5.94,0.2205,,0.24,24
Arctic Outflow,8/22/2024,10:53,21.952,8,446.3,0.286,176,6.09,71.69,0.2114,,0.22,24
Arctic Outflow,9/11/2024,11:03,20.259,7.676,460.4,0.295,169.1,3.012,34.55,0.1609,,0.22,24
Arctic Outflow,9/23/2024,11:36,19.306,7.339,469.8,0.3008,113.5,0.236,2.67,0.1944,,0.23,24
Arctic Outflow,10/24/2024,11:23,10.186,7.133,516.5,0.3303,201.8,2.709,24.97,0.0608,,0.25,24
Boiling Springs Down,1/24/2024,10:17,10.131,7.24,614.7,0.393,156.1,3.173,28.92,0.2209,0,0.3,24
Boiling Springs Down,2/12/2024,9:52,10.498,7.46,608.1,0.3891,167.5,2.82,26.1,0.1952,0,0.3,24
Boiling Springs Down,3/6/2024,14:38,11.29,7.316363636,616.6363636,0.394545455,154.2727273,2.774545455,26.04545455,0.443090909,0.114545455,0.3,24
Boiling Springs Down,3/20/2024,10:08,10.32666667,7.142222222,607.6666667,0.389,162.2222222,2.393333333,21.83333333,0.232111111,0.023333333,0.3,24
Boiling Springs Down,4/22/2024,10:30,11.702,7.14,613.6,0.3927,169.7,2.627,25.09,0.1584,0.22,0.3,24
Boiling Springs Down,5/8/2024,15:11,13.006,7.372,619,0.396,143.6,2.52,24.9,0.1091,0.2,0.3,24
Boiling Springs Down,5/27/2024,11:57,11.743,7.289,607.95,0.38915,141.85,2.0265,19.375,0.19025,0.411,0.3,24
Boiling Springs Down,6/11/2024,10:49,11.75,7.374285714,622.1428571,0.398214286,154,2.409285714,23.04285714,0.017857143,0.038571429,0.31,24
Boiling Springs Down,6/27/2024,14:38,11.77363636,7.434545455,624.3636364,0.399636364,152.9090909,2.164545455,20.62727273,0.272181818,,0.31,24
Boiling Springs Down,7/11/2024,14:29,12.16,7.310909091,631,0.404,161.5454545,2.600909091,24.87272727,0.317272727,,0.31,24
Boiling Springs Down,8/9/2024,8:20,11.56,7.405333333,621.1333333,0.3974,131,2.266666667,21.36666667,0.238,,0.31,24
Boiling Springs Down,9/3/2024,14:58,11.94333333,7.192222222,617,0.395,135.3333333,1.681111111,15.93333333,0.129222222,,0.3,24
Boiling Springs Down,9/18/2024,10:42,11.907,7.261,624.2,0.3996,131.1,2.075,19.86,0.2749,,0.31,24
Boiling Springs Down,10/23/2024,10:41,11.344,7.134,23.5,0.0151,124.2,1.742,16.25,0.2557,,0.013,24
Boiling Springs Down,11/7/2024,11:26,11.305,7.278,639.3,0.409,135,2.616,24.32,0.273,,0.319,24
Boiling Springs Down,11/20/2024,14:20,10.623,7.332,619,0.396,148.6,2.451,22.91,0.3802,,0.31,24
Boiling Springs Down,12/2/2024,14:21,10.239,7.365,622,0.398,141.8,2.808,25.3,0.2549,,0.31,24
Boiling Springs Down,12/4/2024,10:15,10.49,7.415,602.8,0.3858,138.6,2.373,22.1,-0.070828666,,0.3,24
Boiling Springs Up 1,1/24/2024,10:25,8.07,7.39,695,0.445,173,7.523,65.24,0.2111,0.189,0.34,24
Boiling Springs Up 1,2/12/2024,9:58,7.467,7.54,698.1,0.4467,190.9,7.848,67.52,0.2003,0.079,0.35,24
Boiling Springs Up 1,3/6/2024,14:45,10.304,7.509,704.9,0.451,187.6,7.368,67.67,0.4171,0.702,0.35,24
Boiling Springs Up 1,3/20/2024,10:22,6.562,7.359,659.8,0.422,201.1,8.383,69.75,0.1999,0.324,0.33,24
Boiling Springs Up 1,4/22/2024,10:40,10.885,7.496,710.6,0.4548,237.9,7.545,70.78,0.1333,0.483,0.35,24
Boiling Springs Up 1,5/8/2024,14:57,15.304,7.492,722,0.462,206.7,6.522,67.74,0.0776,0.766,0.36,24
Boiling Springs Up 1,5/27/2024,11:37,11.336,7.237,714,0.457,229.4,6.435,60.99,0.1877,1.556,0.35,24
Boiling Springs Up 1,6/11/2024,10:20,11.766,7.326,434.9,0.2786,247.7,6.516,62.31,0.0452,0.6,0.21,24
Boiling Springs Up 1,6/27/2024,14:21,12.38,7.528,727.7,0.466,192.9,6.707,64.83,0.2313,,0.36,24
Boiling Springs Up 1,7/11/2024,14:16,13.299,7.405,729,0.4669,226.8,6.686,65.66,0.174,,0.36,24
Boiling Springs Up 1,8/9/2024,8:00,11.65,7.496,720.2,0.461,189.5,7.046,66.62,0.1221,,0.36,24
Boiling Springs Up 1,9/3/2024,14:33,13.049,7.087,724.1,0.4636,228.8,6.534,63.56,0.2217,,0.36,24
Boiling Springs Up 1,9/18/2024,10:15,12.658,7.243,716,0.458,205.9,6.344,61.79,0.0595,,0.35,24
Boiling Springs Up 1,10/23/2024,10:09,10.64,7.088,722.2,0.4622,202.6,6.048,55.58,0.2647,,0.36,24
Boiling Springs Up 1,11/7/2024,10:53,9.876,7.144,722,0.462,207.5,6.2,55.77,0.2891,,0.36,24
Boiling Springs Up 1,11/20/2024,13:47,8.412,7.296,677.2,0.4334,231.5,6.611,58.62,0.4369,,0.338,24
Boiling Springs Up 1,12/2/2024,13:58,7.0855,6.983,579.55,0.37085,204.6,7.253,60.575,0.18595,,0.2875,24
Boiling Springs Up 1,12/4/2024,10:03,7.794545455,7.401818182,720.9090909,0.461272727,204.7272727,6.843636364,59.75454545,-0.056989858,,0.36,24
Boiling Springs Up 2,1/24/2024,10:21,9.694545455,7.292727273,787.3636364,0.503818182,167.7272727,6.083636364,54.76363636,0.160090909,0.033636364,0.394545455,24
Boiling Springs Up 2,2/12/2024,9:55,9.609090909,7.455454545,792,0.507,184.8181818,5.844545455,52.98181818,0.167636364,0.001818182,0.39,24
Boiling Springs Up 2,3/6/2024,14:41,10.99,7.357777778,802,0.513,197.6666667,5.792222222,54.05555556,0.431333333,0.221111111,0.4,24
Boiling Springs Up 2,3/20/2024,10:16,8.835,7.2875,802,0.513,199.3333333,6.378333333,56.125,0.205,1.371666667,0.4,24
Boiling Springs Up 2,4/22/2024,10:33,11.32428571,7.277142857,805.1428571,0.515428571,227.7142857,6.305714286,59.75714286,0.122571429,0.908571429,0.4,24
Boiling Springs Up 2,5/8/2024,14:48,13.233,7.174,814.9,0.5214,224.1,5.679,56.39,0.069,0.525,0.4,24
Boiling Springs Up 2,5/27/2024,11:13,11.358,6.93,794.5,0.5085,261.1,5.191,49.22,0.1543,0.366,0.39,24
Boiling Springs Up 2,6/11/2024,10:36,11.65545455,7.286363636,816.2727273,0.522454545,257.7272727,5.327272727,50.86363636,0.052272727,0.192727273,0.41,24
Boiling Springs Up 2,6/27/2024,14:10,12.02888889,7.397777778,855.8888889,0.547888889,191,5.656666667,54.23333333,0.144444444,,0.43,24
Boiling Springs Up 2,7/11/2024,14:05,12.88,7.266,831.5,0.5321,272.6,5.508,53.6,0.2065,,0.41,24
Boiling Springs Up 2,8/9/2024,8:11,15.64727273,7.636363636,0,0,293.7272727,9.373636364,96.56363636,0.185363636,,0.01,24
Boiling Springs Up 2,9/3/2024,14:48,12.92666667,7.15,836.4444444,0.535,250.5555556,5.274444444,51.16666667,0.111888889,,0.42,24
Boiling Springs Up 2,9/18/2024,10:32,12.748,7.242,838,0.5361,252.5,4.936,48.17,0.0635,,0.42,24
Boiling Springs Up 2,10/23/2024,10:27,11.51,7.133,803.2,0.514,222,4.501,42.24,0.372,,0.4,24
Boiling Springs Up 2,11/7/2024,11:10,11.387,7.209,161.5,0.1034,224,5.039,46.89,0.224,,0.078,24
Boiling Springs Up 2,11/20/2024,14:06,10.171,7.325,809.1,0.5179,231.8,5.472,50.62,0.4188,,0.4,24
Boiling Springs Up 2,12/2/2024,14:15,9.48,7.167,822,0.526,235.6,5.532,49.01,0.1919,,0.41,24
Boiling Springs Up 2,12/4/2024,10:08,9.77,7.347,816,0.522,245.2,5.327,48.8,-0.066975429,,0.41,24
Coghill Stream,9/19/2024,10:45,14.954,7.438,764,0.489,332.9,7.882,81.3,-0.007550187,1.56,0.38,24
Deans Lake,6/19/2024,8:34,22.3825,8.0215,483.6,0.3094,339.45,5.7485,67.82,0.7648,9.527,0.231,24
Deans Lake,8/14/2024,10:00,23.81,9.072,456,0.292,341.1,14.053,170.96,0.4656,,0.22,24
Deans Lake,10/14/2024,10:44,11.1215,8.2845,513,0.32805,322,9.746,90.4,0.5123,,0.25,24
Howard Lake,4/11/2024,8:57,11.84083333,8.5125,521.6666667,0.334,257.75,13.35,129.1416667,0.485333333,7.408333333,0.26,24
Howard Lake,4/22/2024,8:50,9.71875,8.72,442.625,0.28325,291.5,15.335,140.75,0.59125,3.5275,0.2175,24
Howard Lake,5/6/2024,10:10,16.67,10.16266667,394.0666667,0.252,254.0666667,17.34066667,185.48,0.569266667,11.31266667,0.19,24
Howard Lake,5/20/2024,10:06,20.0425,9.209,414.6,0.26525,352.85,6.617,76.13,0.43875,3.98,0.2,24
Howard Lake,6/5/2024,9:49,21.716,7.604,481.4,0.308,337.9333333,6.725333333,80.58,0.589,20.11866667,0.23,24
Howard Lake,6/17/2024,14:28,20.013,6.686,476.7,0.305,51.1,0.286,3.28,0.6885,18.43,0.23,24
Howard Lake,6/24/2024,9:41,23.35818182,7.768181818,472.3636364,0.302363636,389.1818182,9.875454545,120.9090909,0.109090909,7.37,0.23,24
Howard Lake,7/8/2024,8:35,23.28555556,7.502222222,466.5555556,0.298555556,381.7777778,5.908888889,72.12222222,0.551222222,,0.23,24
Howard Lake,7/22/2024,8:43,23.748,7.138,482,0.309,397.2,1.181,14.48,0.6894,,0.23,24
Howard Lake,8/5/2024,9:19,24.74666667,7.224666667,451.8,0.289133333,335.2,1.775333333,22.14666667,0.133133333,,0.219333333,24
Howard Lake,8/19/2024,9:03,23.056,7.346,493.9333333,0.316,391.7333333,2.861333333,34.38666667,0.6098,,0.24,24
Howard Lake,9/3/2024,9:47,20.91866667,7.3,515.9333333,0.33,378,3.794666667,43.76666667,0.596933333,,0.25,24
Howard Lake,9/16/2024,10:00,22.802,7.434,535,0.343,353.7,4.93,59.21,0.5549,,0.26,24
Howard Lake,9/26/2024,11:13,19.244,7.331333333,542,0.347,281.1333333,6.272,70.40666667,0.677866667,,0.26,24
Howard Lake,10/21/2024,10:18,14.312,7.609,574,0.367,353.3,9.289,94.14,0.5375,,0.28,24
Jeurrisen,4/4/2024,15:07,4.512,6.361,965.7,0.6181,294.9,10.602,85.3,0.1422,5.02,0.49,24
Jeurrisen,4/9/2024,14:57,6.063,6.461,927,0.593,323.5,8.89,74.69,0.1967,6.661,0.47,24
Jeurrisen,4/17/2024,14:37,8.187,6.863,882,0.565,276,5.845,51.86,0.1124,5.752,0.44,24
Jeurrisen,4/24/2024,10:04,7.231,6.725,969.2,0.6202,286.6,4.276,36.44,0.2542,5.309,0.49,24
Jeurrisen,4/29/2024,14:45,8.97,7.085454545,906,0.58,355,4.682727273,42.40909091,0.230272727,6.181818182,0.45,24
Jeurrisen,5/7/2024,14:48,15.76777778,7.024444444,863,0.552444444,278.6666667,3.91,41.81111111,-0.034478876,4.405555556,0.43,24
Jeurrisen,5/14/2024,8:28,13.797,6.809,933.6,0.5975,297.1,1.64,16.5,0.0741,6.622,0.47,24
Jeurrisen,5/22/2024,15:26,17.58,7.047,705.9,0.4519,280,2.718,29.8,0.3311,22.948,0.35,24
Jeurrisen,5/29/2024,10:15,14.217,6.887,772.8,0.4947,269.9,1.694,16.96,0.3232,12.729,0.38,24
Jeurrisen,6/4/2024,14:18,20.546,7.067,649.5,0.4157,324.3,1.677,19.64,0.4324,5.335,0.32,24
Jeurrisen,6/13/2024,13:47,19.221,7.061,711,0.455,277.4,1.742,19.66,0.0686,5.681,0.35,24
Jeurrisen,6/18/2024,9:02,18.965,7.106,585,0.375,235.2,0.852,9.65,0.2539,4.886,0.29,24
Jeurrisen,6/27/2024,9:58,19.27090909,7.042727273,667.2727273,0.427,170.0909091,0.575454545,6.463636364,0.370454545,,0.33,24
Jeurrisen,7/1/2024,14:51,18.22,6.935555556,669,0.428,244.3333333,0.934444444,10.26666667,0.108222222,,0.33,24
Jeurrisen,7/11/2024,9:02,19.3,6.962,731.8,0.468,202.6,0.85,9.53,0.3544,,0.36,24
Jeurrisen,7/16/2024,10:09,20.29,6.92,780.8,0.4998,175.8,0.752,8.65,0.1265,,0.38,24
Jeurrisen,7/26/2024,9:26,19.43809524,7.595238095,821.1904762,0.525714286,297.7619048,6.031904762,68.58095238,0.123238095,,0.404285714,24
Jeurrisen,8/2/2024,8:34,20.06,7.123333333,810,0.518,205.2222222,1.021111111,11.63333333,0.316222222,,0.4,24
Jeurrisen,8/8/2024,14:36,19.14,6.995,831,0.532,262.2,1.28,14.37,0.1223,,0.41,24
Jeurrisen,8/13/2024,9:46,15.61,6.979,869,0.556,281.7,1.601,16.61,0.1435,,0.43,24
Jeurrisen,8/20/2024,9:23,17.57,7.106,864.4,0.5531,255.5,1.253,13.49,0.2475,,0.43,24
Jeurrisen,8/26/2024,10:32,20.91,7.046,910.1,0.5822,202.1,1.211,14.08,0.0434,,0.45,24
Jeurrisen,9/4/2024,15:07,17.79090909,6.831818182,839,0.537,257.3636364,1.668181818,18.17272727,0.203181818,,0.41,24
Jeurrisen,9/9/2024,13:58,15.90555556,6.886666667,959.8888889,0.614333333,276.5555556,2.068888889,21.68888889,0.062333333,,0.48,24
Jeurrisen,9/16/2024,14:49,20.457,7.053,1016,0.6501,217.7,1.712,19.7,0.1024,,0.5,24
Jeurrisen,9/24/2024,14:43,15.67,6.999,1040,0.6658,238.1,2.085,21.89,-0.021015077,,0.52,24
Jeurrisen,10/1/2024,11:01,12.194,7.078,1061,0.679,154.4,2.045,19.61,0.1953,,0.53,24
Jeurrisen,10/10/2024,10:10,12.845,7.033,540.4,0.34585,294.45,5.9695,60.275,0.10545,,0.275,24
Jeurrisen,10/18/2024,9:30,9.013,7.002,1098.5,0.7031,168.7,1.288,11.51,0.0955,,0.55,24
Jeurrisen,10/22/2024,9:54,12.758,7.14,1142.6,0.7312,81.9,0.767,7.55,0.1049,,0.576,24
Jeurrisen,10/28/2024,10:27,9.205,7.087,1155.8,0.7397,112.7,2.448,22.29,0.1301,,0.581,24
Jeurrisen,11/6/2024,14:48,6.363,6.491,873.3,0.559,320,5.107,42.71,0.3445,,0.438,24
Jeurrisen,11/12/2024,10:09,3.54,6.556,970,0.621,323.1,6.324,49.06,0.3038,,0.49,24
Lucky 7-2,4/4/2024,15:44,12.064,7.785,985.3,0.6305,318.6,14.434,139.07,0.1133,5.631,0.49,24
Lucky 7-2,4/9/2024,15:30,10.546,7.37,938.6,0.6007,317.3,12.668,118.39,0.1635,5.871,0.47,24
Lucky 7-2,4/17/2024,10:30,8.06,7.447,855.9,0.548,298.5,11.13,98.65,0.0453,8.221,0.43,24
Lucky 7-2,4/24/2024,11:07,10.597,7.888,952.1,0.6094,262.3,15.049,138.47,0.2355,4.737,0.48,24
Lucky 7-2,5/1/2024,14:42,16.083,7.923,858.7,0.5495,307.7,11.625,122.23,0.2791,4.309,0.43,24
Lucky 7-2,5/7/2024,15:25,19.107,8.371,870,0.557,281.4,13.241,151.23,-0.063517127,4.922,0.43,24
Lucky 7-2,5/14/2024,11:01,18.624,8.462,910.3,0.5825,307,17.532,194.76,0.1353,12.104,0.45,24
Lucky 7-2,5/22/2024,16:10,17.773,7.661,693,0.444,302.5,8.964,98.35,0.2022,6.974,0.34,24
Lucky 7-2,5/29/2024,13:42,18.082,8.087,812,0.52,308,10.324,112.16,0.2901,4.574,0.4,24
Lucky 7-2,6/4/2024,10:15,19.52416667,7.451666667,623.9166667,0.39925,311.75,8.3775,95.65833333,0.073666667,5.676666667,0.303333333,24
Lucky 7-2,6/13/2024,14:10,23.22636364,8.230909091,747.0909091,0.478,289.7272727,9.87,120.1090909,0.173272727,5.035454545,0.366363636,24
Lucky 7-2,6/18/2024,9:26,19.46090909,7.758181818,606.0909091,0.387727273,279,8.340909091,94.92727273,-0.030924597,5.654545455,0.298181818,24
Lucky 7-2,6/27/2024,10:33,19.533125,8.005,703,0.45,193.25,8.31875,93.8,0.220375,,0.34,24
Lucky 7-2,7/1/2024,15:40,20.486,7.999,727,0.465,290.6,8.881,101.88,0.1187,,0.36,24
Lucky 7-2,7/11/2024,9:30,20.01,8.128181818,779,0.499,261.9090909,8.975454545,101.8454545,0.126,,0.38,24
Lucky 7-2,7/16/2024,10:49,22.9,8.27,836,0.535,294.6666667,6.306666667,76.16666667,0.125222222,,0.41,24
Lucky 7-2,8/2/2024,8:56,20.28272727,8.078181818,818,0.524,237.0909091,8.274545455,94.36363636,0.287363636,,0.4,24
Lucky 7-2,8/8/2024,15:15,19.78,8.123333333,834.8888889,0.534,315.6666667,9.38,106.1333333,0.137222222,,0.41,24
Lucky 7-2,8/13/2024,10:21,17.336,8.286,847.4,0.542,281,11.574,124.06,0.1125,,0.42,24
Lucky 7-2,8/20/2024,9:57,17.983,8.017,858,0.549,385.6,10.195,110.37,0.1467,,0.42,24
Lucky 7-2,8/26/2024,11:11,24.567,8.252,831.2,0.5319,319,11.582,143.83,0.3762,,0.408,24
Lucky 7-2,9/4/2024,15:45,24.585,8.566,896.2,0.5735,320.5,17.259,214.11,0.0739,,0.44,24
Lucky 7-2,9/9/2024,14:51,23.598,8.7,888.6,0.5686,307.5,16.241,197.98,0.0957,,0.44,24
Lucky 7-2,11/6/2024,15:30,8.14,7.403,953.7,0.61,350.7,10.433,90.86,0.1898,,0.48,24
Lucky 7-2,11/12/2024,10:46,3.306,7.206,965.2,0.618,367.2,12.376,95.11,0.1338,,0.49,24
Mystic Lake Center,4/15/2024,9:32,15.771,7.57,816.4,0.5226,347,8.311,86.92,0.8065,19.076,0.4,24
Mystic Lake Center,4/29/2024,9:27,12.008,7.596,761.8,0.4877,392.4,7.483,73.03,0.5723,44.856,0.38,24
Mystic Lake Center,5/13/2024,9:06,19.202,8.498,748,0.479,366,11.199,126.66,1.036,36.379,0.37,24
Mystic Lake Center,5/22/2024,9:23,19.482,8.065,696,0.445,328.6,8.066,92.16,0.974,13.19,0.34,24
Mystic Lake Center,6/10/2024,8:49,20.5826087,9.166521739,541,0.346043478,350.9130435,11.96652174,137.7043478,0.261674396,4.47,0.265652174,24
Mystic Lake Center,6/25/2024,9:48,25.22407407,8.572222222,523.2222222,0.334925926,289.7407407,11.87481481,150.9185185,0.586222222,10.21333333,0.252592593,24
Mystic Lake Center,7/1/2024,8:48,21.679,8.881,536.7,0.3434,357.8,9.173,107.49,0.6116,,0.26,24
Mystic Lake Center,7/17/2024,8:42,24.18636364,9.029090909,520.3636364,0.333,276,7.895454545,97.27272727,0.640545455,,0.25,24
Mystic Lake Center,7/29/2024,8:41,26.108,8.588,547.5,0.35,352.1,7.366,95,0.4789,,0.268,24
Mystic Lake Center,8/12/2024,9:08,21.31714286,7.692857143,607,0.388642857,365.9285714,7.687142857,89.63571429,0.564071429,,0.3,24
Mystic Lake Center,8/22/2024,8:41,22.2,7.778,574,0.367,297,5.84,69.16,0.5798,,0.28,24
Mystic Lake Center,9/11/2024,9:06,19.787,8.001,589,0.377,357.6,7.676,87.49,0.6679,,0.29,24
Mystic Lake Center,9/23/2024,9:43,19.94066667,7.527333333,609.7333333,0.390133333,313.6666667,4.846666667,55.16666667,0.571266667,,0.3,24
Mystic Lake Center,10/8/2024,9:31,14.096,7.634,634,0.406,297.4,8.148,82.06,0.5256,,0.31,24
Mystic Lake Center,10/24/2024,9:32,12.4345,7.5185,643.95,0.412,335.45,8.594,83.585,0.5931,,0.32,24
Peterson Wetland 1,7/31/2024,9:11,24.497,7.383,812.2,0.5198,274.9,4.381,54.65,0.1985,1.56,0.4,24
Pike Lake East,4/18/2024,10:48,12.969,9.388,525,0.336,263.7,10.176,99.42,1.1096,9.441,0.26,24
Pike Lake East,11/11/2024,9:31,6.824,7.552,549,0.351,316.8,9.975,84.19,0.1202,,0.27,24
Pike Lake Northeast,4/18/2024,11:04,12.635,9.452,523.2,0.3348,288.5,11.541,111.95,0.4733,6.944,0.26,24
Pike Lake Northeast,11/20/2024,13:18,5.916666667,7.461666667,524.3333333,0.33575,358,10.52666667,87.96666667,0.419166667,,0.26,24
Rock Springs 1,1/24/2024,12:08,10.548,6.925,899.2,0.5755,349.8,6.988,64.38,0.1612,0,0.45,24
Rock Springs 1,2/12/2024,11:02,10.699,7.145,900.9,0.5766,295.2,6.925,64.38,0.1746,0,0.45,24
Rock Springs 1,4/22/2024,12:05,11.401,7.232,878.6,0.5623,327,6.912,65.74,0.103,0.642,0.44,24
Rock Springs 1,9/3/2024,13:52,10.9625,6.9135,720.85,0.4614,397.45,6.6525,61.66,0.14105,,0.355,24
Rock Springs 1,11/20/2024,15:03,10.898,7.072,938.1,0.6006,369.2,6.639,62.39,0.3181,,0.47,24
Rock Springs 2,1/24/2024,12:10,10.652,7.091,896.7,0.574,343.2,7.488,69.18,0.1622,0,0.45,24
Rock Springs 2,2/12/2024,11:04,10.722,7.183,898,0.5747,300,7.324,68.13,0.174,0,0.45,24
Rock Springs 2,4/22/2024,12:06,10.961,7.149,891.6,0.5706,326,7.324,68.94,0.1042,0.442,0.446,24
Rock Springs 2,9/3/2024,13:56,10.91,6.855238095,922.6190476,0.590619048,386.8571429,6.811428571,63.10952381,0.140190476,,0.46,24
Rock Springs 2,11/20/2024,15:06,10.9,7.115555556,937.8888889,0.6,360.7777778,6.675555556,62.73333333,0.307888889,,0.47,24
Rock Springs 3,1/24/2024,12:12,10.17545455,7.058181818,894.4545455,0.572727273,346.0909091,6.399090909,58.77272727,0.226454545,13.88,0.448181818,24
Rock Springs 3,2/12/2024,11:06,10.75222222,7.157777778,899,0.575,301.6666667,6.595555556,61.37777778,0.241444444,0.022222222,0.45,24
Rock Springs 3,4/22/2024,12:08,11.17,7.086,891.6,0.5706,327.9,6.664,63.03,0.1573,0.014,0.445,24
Rock Springs 3,9/3/2024,13:58,10.9,7,924.1,0.5914,390.6,6.447,59.7,0.2321,,0.46,24
Rock Springs 3,11/20/2024,15:07,10.871,7.137,924,0.591,353.4,6.707,63,0.3975,,0.46,24
Storm Water Pond ICO 1,7/17/2024,12:25,23.893,7.31,206,0.132,244.2,5.935,72.66,0.3164,1.57,0.1,24
Storm Water Pond ICO 2,8/1/2024,14:28,22.82,7.288,229,0.147,315.4,4.745,57.21,0.1379,1.551,0.11,24
Storm Water Pond S33-14,9/12/2024,8:56,21.373,7.599,468.1,0.2995,332.7,9.438,110.61,0.151,1.57,0.23,24
Storm Water Pond SWTF,7/17/2024,12:36,23.436,7.702,91,0.058,241.6,9.322,113.05,0.3012,1.57,0.05,24
Storm Water Pond SWTF,8/1/2024,14:02,23.623,6.955,76,0.049,249,2.496,30.55,0.1191,1.558,0.04,24
Stream Site 1,5/2/2024,15:37,13.666,7.321,551,0.3529,338.2,7.43,74.6,0.1831,5.958,0.27,24
Stream Site 1,5/6/2024,15:25,17.692,7.213,609.7,0.3903,373.1,6.184,67.75,0.0647,3.318,0.3,24
Stream Site 1,5/15/2024,10:43,16.851,7.321,831.1,0.5319,281.3,6.173,66.25,0.1447,0,0.41,24
Stream Site 1,5/23/2024,15:23,20.15,7.114,461,0.295,349.9,6.165,70.91,0.1725,4.143,0.22,24
Stream Site 1,5/29/2024,14:53,18.61,7.376,516,0.33,265.4,5.646,62.11,0.2606,2.604,0.25,24
Stream Site 1,6/4/2024,11:24,21.259,7.4185,414,0.265,352.35,5.911,69.915,0.1383,3.841,0.2,24
Stream Site 1,6/13/2024,11:45,18.789,7.401,623,0.399,256.6,5.608,62.57,0.0026,2.941,0.3,24
Stream Site 1,6/18/2024,10:31,19.89363636,7.411818182,433.8181818,0.277636364,260.1818182,6.121818182,70.37272727,0.017818182,8.146363636,0.21,24
Stream Site 1,6/27/2024,11:27,20.49,7.337777778,525.5555556,0.336,189.2222222,5.097777778,58.65555556,0.172888889,,0.26,24
Stream Site 1,7/1/2024,16:39,19.251,7.28,597,0.382,272.1,5.449,61.11,-0.011672314,,0.29,24
Stream Site 1,7/11/2024,10:21,19.33090909,7.224545455,742.9090909,0.475363636,272.5454545,5.573636364,62.45454545,0.096909091,,0.364545455,24
Stream Site 1,7/16/2024,11:51,20.24333333,7.198888889,895,0.573,257.5555556,5.812222222,66.77777778,0.071444444,,0.44,24
Stream Site 1,7/26/2024,10:21,18.5,7.148333333,1028,0.658,301.6666667,7.2325,79.78333333,0.09325,,0.51,24
Stream Site 1,8/2/2024,9:41,17.93727273,7.193636364,1039.818182,0.665545455,238.3636364,6.440909091,70.19090909,0.188,,0.52,24
Stream Site 1,8/9/2024,9:17,18.22,7.35,705.6363636,0.451727273,183.0909091,6.083636364,66.63636364,0.086090909,,0.35,24
Stream Site 1,8/13/2024,11:14,18.055,7.3575,804.3125,0.514375,218.25,6.89125,75.10625,0.0639375,,0.4,24
Stream Site 1,8/19/2024,14:41,19.246,7.277,761.3,0.4874,230.7,6.8,75.71,0.0662,,0.37,24
Stream Site 1,9/4/2024,11:37,18.386,7.407,996.2,0.6376,224,7.818,85.93,0.0842,,0.497,24
Stream Site 1,9/10/2024,10:08,16.94,7.621,1015,0.649,222.3,8.22,88.42,0.0386,,0.51,24
Stream Site 1,9/17/2024,9:00,19.459,7.53,1077.1,0.6894,111.3,5.821,65.71,0.0305,,0.54,24
Stream Site 1,9/24/2024,15:33,17.568,7.401,1154.5,0.7388,261.6,8.319,90.89,-0.040315498,,0.58,24
Stream Site 1,10/1/2024,14:39,14.455,7.403,1187.1,0.7599,307.2,8.863,89.42,0.0696,,0.6,24
Stream Site 2,4/4/2024,16:12,11.264,6.86,903.6,0.5785,376.8,7.138,67.58,0.0963,2.861,0.45,24
Stream Site 2,4/9/2024,15:56,13.7,7.114,727.2,0.4653,308.2,6.955,69.87,0.0509,2.484,0.36,24
Stream Site 2,4/17/2024,11:14,9.647,7.351,634,0.406,314,8.873,81.61,-0.007703728,4.127,0.31,24
Stream Site 2,4/24/2024,11:38,11.16,7.522,693,0.4439,275.7,8.86,82.65,0.2299,2.754,0.34,24
Stream Site 2,4/29/2024,15:42,10.288,7.583,678,0.434,358.7,8.855,82.43,0.1324,3.319,0.34,24
Stream Site 2,5/6/2024,14:54,18.696,7.668,589.3,0.377,357.7,7.529,84.1,0.1317,8.476,0.29,24
Stream Site 2,5/15/2024,9:42,14.93,7.424,804.9,0.5153,315.2,7.824,80.51,0.1673,11.797,0.4,24
Stream Site 2,5/23/2024,14:48,20.566,7.698,454.6,0.2908,309.1,7.436,86.16,0.266,7.206,0.22,24
Stream Site 2,5/29/2024,14:15,18.505,7.638,498.6,0.3191,300.8,7.771,85.19,0.3865,33.693,0.24,24
Stream Site 2,6/13/2024,11:16,18.45909091,7.933636364,620.7272727,0.397,274.4545455,8.29,91.8,0.024818182,2.931818182,0.3,24
Stream Site 2,6/18/2024,10:08,19.95666667,7.628888889,434,0.278,253.3333333,7.694444444,88.44444444,0.062666667,8.922222222,0.21,24
Stream Site 2,6/27/2024,11:05,20.01909091,7.78,519.1818182,0.332363636,181.3636364,7.72,87.91818182,0.150363636,,0.25,24
Stream Site 2,7/1/2024,16:15,19.17555556,7.864444444,590,0.377666667,281,8.171111111,91.42222222,0.101555556,,0.29,24
Stream Site 2,7/11/2024,10:03,19.828,7.891,710.9,0.4547,306,3.102,35.08,0.2058,,0.35,24
Stream Site 2,7/16/2024,11:30,19.983,7.825,869.4,0.5564,256,4.763,54.41,0.1112,,0.43,24
Stream Site 2,7/26/2024,10:01,19.403,7.959,963.9,0.6169,354,8.53,95.75,0.0865,,0.48,24
Stream Site 2,8/2/2024,9:22,19.387,8.136,985.4,0.6307,251.6,8.617,96.66,0.1736,,0.49,24
Stream Site 2,8/9/2024,8:55,16.62363636,8.129090909,698,0.447,179.6363636,8.469090909,89.69090909,0.098909091,,0.34,24
Stream Site 2,8/13/2024,10:51,18.70666667,7.742222222,782.5555556,0.500777778,227.1111111,0.404444444,4.477777778,0.133222222,,0.388888889,24
Stream Site 2,8/19/2024,14:11,19.626,7.755,804,0.5146,338.3,8.21,92.04,0.1065,,0.4,24
Stream Site 2,9/4/2024,11:04,18.039,7.93,903.8,0.5786,241.8,7.714,84.1,0.0967,,0.45,24
Stream Site 2,9/10/2024,9:19,17.774,7.847,953,0.61,61,3.655,39.99,0.0288,,0.47,24
Stream Site 5,4/4/2024,14:30,4.478,6.559,1078.4,0.6902,345.9,11.687,94.04,0.1209,2.829,0.55,24
Stream Site 5,4/9/2024,14:15,5.239,6.443,925.5,0.5924,372.7,10.333,85.03,0.1504,3.493,0.466,24
Stream Site 5,4/17/2024,9:45,4.021,6.595,840.5,0.53785,311.65,7.577,60.87,-0.019378578,8.2815,0.42,24
Stream Site 5,4/24/2024,9:29,4.501,6.892,1000.8,0.6407,289.5,11.522,91.64,0.2161,3.359,0.508,24
Stream Site 5,4/29/2024,15:03,7.976,7.318,880.2,0.5634,355.5,8.458,74.77,0.1849,5.731,0.44,24
Stream Site 5,5/7/2024,10:27,12.487,7.037,869.6,0.5566,347.2,8.618,85.71,-0.079243405,5.141,0.43,24
Stream Site 5,5/14/2024,9:09,11.536,7.095,955.6,0.6116,307.9,8.989,85.99,0.0731,5.193,0.48,24
Stream Site 5,5/22/2024,14:41,17.829,7.173,760.1,0.4865,340.3,5.195,57.3,0.2964,5.624,0.37,24
Stream Site 5,5/29/2024,9:39,12.263,7.254,789,0.505,317.9,7.757,74.44,0.2023,4.828,0.39,24
Stream Site 5,6/4/2024,11:09,19.915,7.254,638,0.4085,372.9,4.082,47.13,0.3245,4.588,0.31,24
Stream Site 5,6/13/2024,13:19,17.985,7.42,708.5,0.453416667,308,6.6975,73.70833333,0.132166667,5.728333333,0.35,24
Stream Site 5,6/18/2024,8:31,19.04416667,7.2325,584,0.374,270.5833333,3.761666667,42.6,0.174,4.579166667,0.28,24
Stream Site 5,6/27/2024,9:39,17.8,7.414285714,645,0.413,254.8571429,6.138571429,67,0.153142857,,0.32,24
Stream Site 5,7/1/2024,14:20,18.107,7.303,692,0.443,310.9,6.824,74.76,0.0476,,0.34,24
Stream Site 5,7/11/2024,8:36,17.909,7.469,738,0.4721,370,6.9,75.28,0.1953,,0.36,24
Stream Site 5,7/16/2024,9:36,19.28,7.508888889,796.8888889,0.51,324.5555556,6.821111111,77.03333333,0.049666667,,0.39,24
Stream Site 5,7/26/2024,8:30,18.23545455,7.384545455,839,0.537,387.0909091,7.512727273,82.49090909,0.133181818,,0.41,24
Stream Site 5,8/2/2024,8:08,18.8,7.489166667,842.75,0.539,265.1666667,5.715833333,63.49166667,0.162083333,,0.42,24
Stream Site 5,8/8/2024,14:09,18.79636364,7.508181818,869.9090909,0.556909091,284.5454545,6.685454545,74.44545455,0.121181818,,0.43,24
Stream Site 5,8/13/2024,8:57,16.085625,7.61375,899.8125,0.57575,328.25,8.156875,85.50625,0.034375,,0.45,24
Stream Site 5,8/20/2024,8:47,16.46,7.237,895,0.573,396.2,7.731,81.33,0.0742,,0.44,24
Stream Site 5,8/26/2024,10:08,20.582,7.691,936.8,0.5998,297,7.138,82.44,0.1018,,0.46,24
Stream Site 5,9/4/2024,14:34,18.454,7.601,959,0.6139,330.5,7.915,87.43,0.032,,0.48,24
Stream Site 5,9/9/2024,9:31,14.386,7.207,935.1,0.5983,381.4,8.453,85.69,0.0572,,0.47,24
Stream Site 5,9/16/2024,14:16,20.83181818,7.587272727,1008.272727,0.645272727,350,7.585454545,87.90909091,0.026272727,,0.5,24
Stream Site 5,9/24/2024,14:12,15.94444444,7.624444444,1012.333333,0.647777778,283,8.431111111,89.2,-0.023006892,,0.506666667,24
Stream Site 5,10/1/2024,10:34,13.478,7.318,1050.3,0.6724,313.8,8.241,81.39,0.0597,,0.53,24
Stream Site 5,10/10/2024,9:38,11.844,7.365,1039.8,0.6655,360.8,7.405,70.86,0.0659,,0.52,24
Stream Site 5,10/18/2024,9:04,9.725,7.046,632,0.4044,367,5.37,48.85,-0.010269725,,0.31,24
Stream Site 5,10/22/2024,9:22,13.821,7.117,1099.1,0.7034,366,1.894,19.11,-0.020652081,,0.55,24
Stream Site 5,10/28/2024,9:53,9.2,7.169,1063.9,0.6809,340.6,8.568,77.98,0.0994,,0.54,24
Stream Site 5,11/6/2024,14:14,7.076,6.872,947.1,0.606,341.4,9.207,78.42,0.1615,,0.48,24
Stream Site 5,11/12/2024,9:34,3.113,6.943,947,0.606,374.7,10.977,84.22,0.1158,,0.48,24
Stream Site 6,4/4/2024,16:33,7.803,6.593,1454,0.9304,335.4,7.809,68.38,0.2163,10.66,0.746,24
Stream Site 6,4/9/2024,16:26,10.59,7.534,807,0.516,337.5,10.345,97.18,0.1268,15.437,0.4,24
Stream Site 6,4/17/2024,11:46,9.716,7.139,971,0.6219,318.2,6.064,56.08,-0.057433876,20.249,0.49,24
Stream Site 6,4/24/2024,12:03,11.08181818,6.784545455,2043.818182,1.307909091,291,6.666363636,62.53636364,0.166909091,7.701818182,1.06,24
Stream Site 6,4/29/2024,14:04,10.22222222,7.246666667,944,0.604,324.2222222,7.224444444,67.53333333,0.141888889,13.47555556,0.47,24
Stream Site 6,5/7/2024,11:04,15.473,7.131,1394.7,0.8926,324.6,5.525,58.83,-0.14607815,5.53,0.71,24
Stream Site 6,5/14/2024,10:35,16.816,6.922,2089.8,1.3375,263.7,5.349,57.72,0.1168,26.925,1.08,24
Stream Site 6,5/22/2024,14:03,19.041,7.107,730.1,0.4672,249.2,5.033,56.95,0.1944,9.412,0.36,24
Stream Site 6,5/29/2024,10:57,16.937,7.187,795.4,0.509,219.2,4.213,44.82,0.2491,5.394,0.39,24
Stream Site 6,6/4/2024,14:54,23.304,7.633,660.8,0.4228,316.1,6.024,74.48,0.1068,9.834,0.32,24
Stream Site 6,6/13/2024,14:49,21.392,7.133,720,0.461,188.6,2.502,29.52,0.002545524,3.396,0.35,24
Stream Site 6,6/18/2024,10:58,21.252,7.52,587,0.376,212.1,4.786,56.7,0.12,7.288,0.29,24
Stream Site 6,6/27/2024,11:58,22.84,7.14,647,0.414,187.8571429,1.990714286,24.05714286,0.204714286,,0.32,24
Stream Site 6,7/1/2024,15:15,21.29636364,7.037272727,735,0.471,250.2727273,1.213636364,14.20909091,0.088454545,,0.36,24
Stream Site 6,7/11/2024,10:42,22.46,7,714,0.457,188,1.708333333,20.38333333,0.215666667,,0.35,24
Stream Site 6,7/16/2024,12:12,22.2,7.008888889,929,0.595,140.3333333,0.78,9.377777778,0.179111111,,0.46,24
Stream Site 6,7/26/2024,10:38,21.161,7.03,948,0.607,138,0.742,8.66,0.1767,,0.47,24
Stream Site 6,8/2/2024,9:59,23.381,7.25,633,0.405,171.3,3.41,41.43,0.2828,,0.31,24
Stream Site 6,8/8/2024,15:43,21.338,7.147,641.6,0.4108,184.8,3.42,40.06,0.1625,,0.31,24
Stream Site 6,8/13/2024,11:39,19.356,7.08,974.2,0.6234,153.7,1.302,14.63,0.0274,,0.48,24
Stream Site 6,8/20/2024,10:32,20.83,7.147,772,0.494,143.5,2.033,23.39,0.1687,,0.38,24
Stream Site 6,8/26/2024,9:35,23.141,7.092,1005,0.643,113,0.98,11.9,0.1067,,0.5,24
Stream Site 6,9/4/2024,10:29,17.22,7.008,1019,0.652,110,0.693,7.45,0.0974,,0.51,24
Stream Site 6,9/9/2024,10:20,15.913,6.991,1320.4,0.845,126.4,0.55,5.76,0.1334,,0.67,24
Stream Site 6,9/16/2024,15:29,21.519,6.94,2037.7,1.3044,75,0.072,0.86,0.0326,,1.04,24
Stream Site 6,9/24/2024,15:54,16.345,6.882,2531.1,1.62,113,0.695,7.45,-0.080358336,,1.317,24
Stream Site 6,10/1/2024,14:56,13.872,6.9,2614,1.673,111.3,0.655,6.6,0.0435,,1.37,24
Stream Site 6,10/10/2024,15:46,13.775,6.918,2767.2,1.7712,141,0.851,8.57,-0.016854186,,1.45,24
Stream Site 6,10/18/2024,11:19,9.77,6.828,2104.1,1.3467,151.7,1.152,10.55,0.0175,,1.09,24
Stream Site 6,10/22/2024,11:39,13.887,6.944,2772.9,1.7748,112.5,0.685,6.99,0.000401073,,1.45,24
Stream Site 6,10/28/2024,11:20,10.396,6.888,2552.5,1.6337,121.6,0.782,7.35,0.0347,,1.34,24
Stream Site 6,11/7/2024,14:51,7.375,6.877,1428,0.914,192.2,4.005,34.37,0.084,,0.73,24
Stream Site 6,11/12/2024,11:09,3.785,6.371,1898.9,1.215,190.6,3.343,26.24,0.0953,,0.99,24
Wetland S-11A,4/4/2024,14:03,9.975,7.218,1009.3,0.646,231.8,18.2,167.93,0.0547,7.809,0.51,24
Wetland S-11A,4/9/2024,14:01,12.811,7.417,1041.8,0.6668,343.5,15.587,153.98,0.069,28.411,0.52,24
Wetland S-11A,4/17/2024,14:17,11.765,7.532,1003,0.642,248.7,12.499,120.98,-0.011390355,5.093,0.5,24
Wetland S-11A,4/24/2024,9:08,11.443,7.452,999,0.6391,294,13.661,128.84,0.2103,3.208,0.5,24
Wetland S-11A,5/1/2024,14:00,17.327,8.024,983,0.629,310.5,21.543,233.62,0.2485,6.123,0.49,24
Wetland S-11A,5/7/2024,10:11,16.402,7.648,1053,0.674,205.6,12.027,130.46,-0.07384855,4.336,0.53,24
Wetland S-11A,5/14/2024,10:04,18.558,8.174,987.9,0.632,94.4,20.133,224.37,0.1282,3.784,0.49,24
Wetland S-11A,5/22/2024,14:24,20.078,8.279,753.6,0.482,302.2,17.195,198.62,0.0574,10.482,0.37,24
Wetland S-11A,5/29/2024,9:20,17.98111111,7.473333333,1077,0.689,305.3333333,8.45,91.92222222,0.244777778,5.136666667,0.54,24
Wetland S-11A,6/4/2024,10:46,22.82545455,7.376363636,933.9090909,0.597909091,326.6363636,9.460909091,115.8181818,0.103636364,5.215454545,0.46,24
Wetland S-11A,6/13/2024,13:02,25.419,7.605,949.6,0.6078,330.4,8.502,108.27,-0.057879026,3.835,0.47,24
Wetland S-11A,6/18/2024,8:18,19.802,7.549,967,0.619,226.7,7.365,84.84,-0.01082997,4.883,0.48,24
Wetland S-11A,6/27/2024,9:23,20.22909091,7.626363636,1030.454545,0.659636364,253.6363636,6.892727273,79.17272727,0.105454545,,0.51,24
Wetland S-11A,7/1/2024,14:06,22.12,8.247777778,1044,0.668,265.1111111,20.74888889,246.5888889,0.025222222,,0.52,24
Wetland S-11A,7/11/2024,8:21,20.39,7.374545455,1092,0.699,379.2727273,1.573636364,18.1,0.128363636,,0.54,24
Wetland S-11A,7/16/2024,9:19,21.01777778,7.375555556,1035.666667,0.663,276.3333333,2.853333333,33.41111111,0.086888889,,0.512222222,24
Wetland S-11A,7/26/2024,8:16,19.82,7.235,1128.833333,0.722,390.6666667,1.17,13.3,0.093833333,,0.56,24
Wetland S-11A,8/2/2024,7:55,19.89,7.345454545,1076.909091,0.689,241.1818182,0.483636364,5.5,0.200909091,,0.54,24
Wetland S-11A,8/8/2024,13:48,21.19454545,7.392727273,1077.909091,0.69,275.9090909,3.28,38.38181818,0.034090909,,0.54,24
Wetland S-11A,8/13/2024,8:43,18.66,7.16,1164,0.745,312.1666667,2.74,30.35,0.112333333,,0.58,24
Wetland S-11A,8/20/2024,8:32,19.655,7.26,1114.7,0.7132,340.2,0.959,10.78,0.1057,,0.56,24
Wetland S-11A,8/26/2024,9:53,22.08,7.368,1053,0.674,234.3,1.179,14.04,0.0962,,0.52,24
Wetland S-11A,9/4/2024,14:17,22.287,7.572,1073.9,0.687,278.4,9.055,108.04,0.057,,0.53,24
Wetland S-11A,9/9/2024,9:15,17.403,7.329,1137,0.7279,354.8,5.577,60.36,0.0681,,0.57,24
Wetland S-11A,9/16/2024,14:00,24.324,7.953,1050.4,0.6724,177.7,14.837,184.03,0.139,,0.52,24
Wetland S-11A,9/24/2024,13:57,17.075,7.271,1133,0.725,288.6,4.039,43.8,0.0331,,0.57,24
Wetland S-11A,10/1/2024,10:14,14.254,7.208,1111,0.711,285.4,4.52,45.44,0.108,,0.56,24
Wetland S-11A,10/10/2024,9:21,13.45,7.407,1115.2,0.714,294.2,5.409,53.72,0.0985,,0.56,24
Wetland S-11A,10/18/2024,8:48,9.466,7.212,1100,0.704,267.2,6.262,56.76,0.0287,,0.55,24
Wetland S-11A,10/22/2024,9:04,15.096,7.433,153.8,0.0984,293.3,5.851,60.59,0.0964,,0.077,24
Wetland S-11A,10/28/2024,9:39,10.439,6.908,1055,0.675,310.9,7.221,67.71,0.1311,,0.53,24
Wetland S-11A,11/6/2024,13:57,10.67,7.005,1018,0.652,368,4.443,41.29,0.1157,,0.51,24
Wetland S-11A,11/12/2024,9:20,6.42,6.899,998.6,0.639,276.7,5.842,48.87,0.1491,,0.5,24
Wetland S-11A,11/19/2024,16:21,9.539,7.568,981,0.628,293.1,8.965,82.88,0.2786,,0.49,24
Wetland S-11A,11/20/2024,12:54,5.096,6.877,936.3,0.5994,328.4,9.674,79.83,0.2213,,0.474,24
Wetland S-11A,11/21/2024,12:45,4.02,7.177,1014.3,0.649,290,10.509,83.34,0.3822,,0.51,24
Wetland S-11A,12/2/2024,13:17,2.942,7.162,822.2,0.5262,311.7,7.5425,57.16,0.15385,,0.41,24
