"0","str(hydrolab_clean)"
"1","'data.frame':	"
"1",""
"1","377"
"1",""
"1"," obs. of  "
"1",""
"1","14"
"1",""
"1"," variable"
"1",""
"1","s"
"1",""
"1",":"
"1",""
"1","
"
"1"," "
"1",""
"1","$ "
"1",""
"1","Site             "
"1",""
"1",":"
"1"," chr  "
"1",""
"1","""Arctic Inflow 3"" ""Arctic Inflow 3"" ""Arctic Inflow 3"" ""Arctic Inflow 3"""
"1",""
"1"," ..."
"1",""
"1","
"
"1"," "
"1",""
"1","$ "
"1",""
"1","Date             "
"1",""
"1",":"
"1"," "
"1",""
"1","Date"
"1",""
"1",", format: "
"1",""
"1","""2024-04-15"" ""2024-04-29"" ""2024-05-13"" ""2024-05-22"""
"1",""
"1"," ..."
"1",""
"1","
"
"1"," "
"1",""
"1","$ "
"1",""
"1","Time             "
"1",""
"1",":"
"1"," chr  "
"1",""
"1","""10:25"" ""10:28"" ""9:57"" ""10:20"""
"1",""
"1"," ..."
"1",""
"1","
"
"1"," "
"1",""
"1","$ "
"1",""
"1","Temp             "
"1",""
"1",":"
"1"," num  "
"1",""
"1","12.7 10.1 17.2 16.2 16.4"
"1",""
"1"," ..."
"1",""
"1","
"
"1"," "
"1",""
"1","$ "
"1",""
"1","pH               "
"1",""
"1",":"
"1"," num  "
"1",""
"1","6.94 7.02 6.75 6.95 6.45"
"1",""
"1"," ..."
"1",""
"1","
"
"1"," "
"1",""
"1","$ "
"1",""
"1","SpCond           "
"1",""
"1",":"
"1"," num  "
"1",""
"1","576 510 756 392 838"
"1",""
"1"," ..."
"1",""
"1","
"
"1"," "
"1",""
"1","$ "
"1",""
"1","TDS              "
"1",""
"1",":"
"1"," num  "
"1",""
"1","0.369 0.326 0.484 0.251 0.536"
"1",""
"1"," ..."
"1",""
"1","
"
"1"," "
"1",""
"1","$ "
"1",""
"1","Redox            "
"1",""
"1",":"
"1"," num  "
"1",""
"1","356 428 272 284 308"
"1",""
"1"," ..."
"1",""
"1","
"
"1"," "
"1",""
"1","$ "
"1",""
"1","DO_mgL           "
"1",""
"1",":"
"1"," num  "
"1",""
"1","2.316 4.271 1.211 2.676 0.204"
"1",""
"1"," ..."
"1",""
"1","
"
"1"," "
"1",""
"1","$ "
"1",""
"1","DO_Sat           "
"1",""
"1",":"
"1"," num  "
"1",""
"1","22.59 39.9 13.13 28.5 2.14"
"1",""
"1"," ..."
"1",""
"1","
"
"1"," "
"1",""
"1","$ "
"1",""
"1","Depth_m          "
"1",""
"1",":"
"1"," num  "
"1",""
"1","0.169 0.487 0.4 0.498 0.407"
"1",""
"1"," ..."
"1",""
"1","
"
"1"," "
"1",""
"1","$ "
"1",""
"1","Chlorophyll.a_ugL"
"1",""
"1",":"
"1"," num  "
"1",""
"1","7.68 15.11 15.97 17.94 5.84"
"1",""
"1"," ..."
"1",""
"1","
"
"1"," "
"1",""
"1","$ "
"1",""
"1","Salinity_psu     "
"1",""
"1",":"
"1"," num  "
"1",""
"1","0.28 0.25 0.37 0.19 0.415"
"1",""
"1"," ..."
"1",""
"1","
"
"1"," "
"1",""
"1","$ "
"1",""
"1","Year             "
"1",""
"1",":"
"1"," int  "
"1",""
"1","24 24 24 24 24 24 24 24 24 24"
"1",""
"1"," ..."
"1",""
"1","
"
"0","str(chemistry_clean)"
"1","tibble [1,060 x 15]"
"1",""
"1"," (S3: "
"1",""
"1","tbl_df/tbl/data.frame"
"1",""
"1",")"
"1",""
"1","
"
"1"," "
"1",""
"1","$ "
"1",""
"1","Site          "
"1",""
"1",":"
"1"," chr [1:1060] "
"1",""
"1","""Boiling Springs Up 1"" ""Boiling Springs Up 1"" ""Boiling Springs Up 1"" ""Boiling Springs Up 1"""
"1",""
"1"," ..."
"1",""
"1","
"
"1"," "
"1",""
"1","$ "
"1",""
"1","Analyte       "
"1",""
"1",":"
"1"," chr [1:1060] "
"1",""
"1","""Magnesium"" ""Calcium"" ""Sodium"" ""Chloride"""
"1",""
"1"," ..."
"1",""
"1","
"
"1"," "
"1",""
"1","$ "
"1",""
"1","LabID         "
"1",""
"1",":"
"1"," num [1:1060] "
"1",""
"1","1.07e+10 1.07e+10 1.07e+10 1.07e+10 1.07e+10"
"1",""
"1"," ..."
"1",""
"1","
"
"1"," "
"1",""
"1","$ "
"1",""
"1","SampleID      "
"1",""
"1",":"
"1"," chr [1:1060] "
"1",""
"1","""60032024[11-15]"" ""60032024[11-15]"" ""60032024[11-15]"" ""60032024[11-15]"""
"1",""
"1"," ..."
"1",""
"1","
"
"1"," "
"1",""
"1","$ "
"1",""
"1","SampleDateTime"
"1",""
"1",":"
"1"," "
"1",""
"1","POSIXct"
"1",""
"1","[1:1060]"
"1",""
"1",", format: "
"1",""
"1","""2024-03-20 10:00:00"" ""2024-03-20 10:00:00"" ""2024-03-20 10:00:00"" ""2024-03-20 10:00:00"""
"1",""
"1"," ..."
"1",""
"1","
"
"1"," "
"1",""
"1","$ "
"1",""
"1","Result        "
"1",""
"1",":"
"1"," chr [1:1060] "
"1",""
"1","""32700"" ""82400"" ""7110"" ""44"""
"1",""
"1"," ..."
"1",""
"1","
"
"1"," "
"1",""
"1","$ "
"1",""
"1","Units         "
"1",""
"1",":"
"1"," chr [1:1060] "
"1",""
"1","""ug/L"" ""ug/L"" ""ug/L"" ""mg/L"""
"1",""
"1"," ..."
"1",""
"1","
"
"1"," "
"1",""
"1","$ "
"1",""
"1","RL            "
"1",""
"1",":"
"1"," num [1:1060] "
"1",""
"1","500 500 1000 1.2 1.2 0.1 0.5 0.1 2.5 0.02"
"1",""
"1"," ..."
"1",""
"1","
"
"1"," "
"1",""
"1","$ "
"1",""
"1","DL            "
"1",""
"1",":"
"1"," num [1:1060] "
"1",""
"1","18.2 23.4 26.4 0.44 0.47 0.05 0.16 0.021 0.4 0.0071"
"1",""
"1"," ..."
"1",""
"1","
"
"1"," "
"1",""
"1","$ "
"1",""
"1","Dilution      "
"1",""
"1",":"
"1"," num [1:1060] "
"1",""
"1","1 1 1 1 1 1 1 1 1 1"
"1",""
"1"," ..."
"1",""
"1","
"
"1"," "
"1",""
"1","$ "
"1",""
"1","QC            "
"1",""
"1",":"
"1"," chr [1:1060] "
"1",""
"1","NA NA NA NA"
"1",""
"1"," ..."
"1",""
"1","
"
"1"," "
"1",""
"1","$ "
"1",""
"1","Comments      "
"1",""
"1",":"
"1"," chr [1:1060] "
"1",""
"1","NA NA NA NA"
"1",""
"1"," ..."
"1",""
"1","
"
"1"," "
"1",""
"1","$ "
"1",""
"1","ReplaceND     "
"1",""
"1",":"
"1"," num [1:1060] "
"1",""
"1","250 250 500 0.6 0.6 0.05 0.25 0.05 1.25 0.01"
"1",""
"1"," ..."
"1",""
"1","
"
"1"," "
"1",""
"1","$ "
"1",""
"1","LQual         "
"1",""
"1",":"
"1"," chr [1:1060] "
"1",""
"1","NA NA NA NA"
"1",""
"1"," ..."
"1",""
"1","
"
"1"," "
"1",""
"1","$ "
"1",""
"1","Date          "
"1",""
"1",":"
"1"," "
"1",""
"1","Date"
"1",""
"1","[1:1060]"
"1",""
"1",", format: "
"1",""
"1","""2024-03-20"" ""2024-03-20"" ""2024-03-20"" ""2024-03-20"""
"1",""
"1"," ..."
"1",""
"1","
"
